"Plot_code","T","Intersect_begin","Intersect_end"
"Con_11_1",1.3,0,0.04
"Con_11_1",1.3,0.21,0.84
"Con_11_1",1.3,0.98,1.31
"Con_11_1",1.3,1.52,1.61
"Con_11_1",1.3,2.12,2.41
"Con_11_1",1.3,2.64,2.71
"Con_11_1",1.3,2.82,2.83
"Con_11_1",1.3,3.04,3.16
"Con_11_1",1.3,3.5,3.89
"Con_11_1",1.3,4.53,4.66
"Con_11_1",1.3,4.67,5.23
"Con_11_1",1.3,5.23,5.44
"Con_11_1",1.3,6.36,6.84
"Con_11_1",1.3,11.09,11.2
"Con_11_1",1.3,12.46,12.8
"Con_11_1",1.3,13.56,13.68
"Con_11_1",1.3,15.11,15.13
"Con_11_1",1.3,15.13,16.21
"Con_11_1",1.3,16.41,17.62
"Con_11_1",1.3,17.97,18.1
"Con_11_1",1.3,18.86,19.21
"Con_11_1",1.3,19.41,19.53
"Con_11_1",1.3,23.45,23.61
"Con_11_1",2,0.42,0.46
"Con_11_1",2,1.1,1.31
"Con_11_1",2,6.37,6.52
"Con_11_1",2,7.31,7.36
"Con_11_1",2,7.5,7.77
"Con_11_1",2,8.48,8.52
"Con_11_1",2,9.43,9.94
"Con_11_1",2,11.54,11.77
"Con_11_1",4,14.4,14.69
"Con_11_1",4,14.9,15.09
"Con_11_1",4,17.29,17.4
"Con_11_1",4,17.75,17.79
"Con_11_1",4,19.36,19.77
"Con_11_1",4,19.99,20.04
"Con_12_1",1.3,3.06,3.34
"Con_12_1",1.3,8.69,8.77
"Con_12_1",1.3,9.56,9.84
"Con_12_1",1.3,16.95,18.91
"Con_12_1",1.3,25.59,26
"Con_13_1-CWD",1.3,0.59,0.7
"Con_13_1-CWD",1.3,1.03,1.08
"Con_13_1-CWD",1.3,1.44,2.68
"Con_13_1-CWD",1.3,3.01,3.05
"Con_13_1-CWD",1.3,3.7,3.81
"Con_13_1-CWD",1.3,4.26,4.53
"Con_13_1-CWD",1.3,5.89,6
"Con_13_1-CWD",1.3,6.5,6.55
"Con_13_1-CWD",1.3,8.71,8.76
"Con_13_1-CWD",1.3,9.87,9.98
"Con_13_1-CWD",1.3,12.39,12.45
"Con_13_1-CWD",1.3,18.96,19.02
"Con_13_1-CWD",2,2.23,2.92
"Con_13_1-CWD",2,7.57,7.67
"Con_13_1-CWD",2,9.05,9.1
"Con_13_1-CWD",4,14.85,14.92
"Con_13_1-CWD",4,15.22,15.25
"Con_13_1-CWD",4,16.18,16.59
"Con_13_1-CWD",4,16.78,24.88
"Con_13_1-CWD",4,25.18,26
"Con_13_2",1.3,15.53,16.6
"Con_13_2",1.3,16.77,17.16
"Con_13_2",1.3,21.43,23.46
"Con_13_2",2,2.77,4.66
"Con_13_2",2,8.62,9.51
"Con_13_2",4,14.36,14.37
"Con_13_2",4,15.49,15.51
"Con_13_2",4,17.79,18.09
"Con_13_2",4,18.31,18.65
"Con_13_2",4,18.93,19.19
"Con_13_2",4,19.41,20.21
"Con_14_1",1.3,15.89,15.96
"Con_14_1",1.3,17.14,17.2
"Con_14_1",1.3,17.48,17.5
"Con_14_1",1.3,18.31,18.34
"Con_14_1",1.3,18.7,18.71
"Con_14_1",1.3,19.45,20.18
"Con_14_1",1.3,20.51,20.6
"Con_14_1",1.3,21.05,21.1
"Con_14_1",1.3,21.16,21.25
"Con_14_1",1.3,21.59,21.69
"Con_14_1",1.3,21.79,22.01
"Con_14_1",1.3,22.09,22.25
"Con_14_1",1.3,23.78,23.89
"Con_14_1",1.3,24.22,24.34
"Con_14_1",1.3,24.61,24.67
"Con_14_1",1.3,24.87,25.52
"Con_14_1",1.3,25.9,26
"Con_14_1",2,3.69,3.71
"Con_14_1",2,4.31,4.35
"Con_21_1",1.3,0.75,0.82
"Con_21_1",1.3,1.19,1.26
"Con_21_1",1.3,1.5,1.6
"Con_21_1",1.3,1.82,2.02
"Con_21_1",1.3,2.44,2.51
"Con_21_1",1.3,8.5,8.92
"Con_21_1",1.3,9.15,9.4
"Con_21_1",1.3,9.65,10.03
"Con_21_1",1.3,10.27,10.44
"Con_21_1",1.3,11.43,13.27
"Con_21_1",1.3,13.83,13.91
"Con_21_1",1.3,14.29,14.72
"Con_21_1",1.3,15.07,15.37
"Con_21_1",1.3,17.17,17.41
"Con_21_1",1.3,17.66,19.05
"Con_21_1",1.3,19.56,19.66
"Con_21_1",1.3,19.86,19.94
"Con_21_1",1.3,21.04,21.25
"Con_21_1",1.3,21.66,21.71
"Con_21_1",1.3,22.88,22.96
"Con_21_1",1.3,22.98,23.38
"Con_21_1",1.3,23.6,23.64
"Con_21_1",2,1.05,1.31
"Con_21_1",2,2.04,2.72
"Con_21_1",2,4.74,5.23
"Con_21_1",2,5.43,5.52
"Con_21_1",2,7.41,7.89
"Con_21_1",2,7.93,9.09
"Con_21_1",2,11.81,11.86
"Con_21_1",4,14.09,14.46
"Con_21_1",4,14.91,15.47
"Con_21_1",4,17.15,17.84
"Con_21_1",4,18.92,19.86
"Con_21_1",4,20.9,21.54
"Con_21_1",4,22.3,22.35
"Con_21_1",4,22.64,23.36
"Con_21_1",4,23.7,23.83
"Con_21_1",4,24.08,24.29
"Con_21_1",4,24.66,25.62
"Con_21_1",4,25.62,26
"Con_22_1",1.3,0.18,0.2
"Con_22_1",1.3,0.2,0.71
"Con_22_1",1.3,2.83,2.94
"Con_22_1",1.3,3.12,3.33
"Con_22_1",1.3,4.47,5.4
"Con_22_1",1.3,5.72,5.74
"Con_22_1",1.3,6.44,6.55
"Con_22_1",1.3,7.55,7.72
"Con_22_1",1.3,7.93,8.09
"Con_22_1",1.3,8.51,9.03
"Con_22_1",1.3,9.89,9.02
"Con_22_1",1.3,10.33,10.36
"Con_22_1",1.3,15.29,15.7
"Con_22_1",1.3,16.13,16.15
"Con_22_1",1.3,16.53,16.62
"Con_22_1",1.3,21.69,22.4
"Con_22_1",1.3,22.56,22.66
"Con_22_1",1.3,22.93,23.45
"Con_22_1",1.3,23.84,24.17
"Con_22_1",1.3,24.41,24.48
"Con_22_1",1.3,24.95,25.35
"Con_22_1",2,2.96,3.16
"Con_22_1",2,3.38,3.61
"Con_22_1",2,3.95,4
"Con_22_1",4,14.83,14.95
"Con_22_1",4,19.76,19.8
"Con_22_1",4,20.84,21.02
"Con_22_1",4,21.19,21.26
"Con_22_1",4,22.04,22.06
"Con_22_1",4,22.4,22.88
"Con_22_1",4,23.04,23.09
"Con_22_1",4,23.56,23.71
"Con_22_1",4,25.07,25.13
"Con_22_1",4,25.62,25.76
"Con_22_2",1.3,7.42,7.46
"Con_22_2",1.3,7.61,7.68
"Con_22_2",1.3,8.09,8.19
"Con_22_2",1.3,20.9,21.62
"Con_22_2",2,3.65,4.04
"Con_22_2",4,14.87,14.93
"Con_22_2",4,15.53,16.01
"Con_22_2",4,16.35,16.44
"Con_22_2",4,20.69,20.74
"Con_22_2",4,21.08,21.1
"Con_22_2",4,21.69,21.72
"Con_22_2",4,22.17,22.22
"Con_22_2",4,22.44,22.49
"Con_22_2",4,24.29,24.45
"Con_22_2",4,24.74,24.76
"Con_22_2",4,25.15,25.23
"Con_23_1",1.3,3.95,4.45
"Con_23_1",1.3,4.86,5.03
"Con_23_1",1.3,5.99,6.16
"Con_23_1",1.3,6.39,7.82
"Con_23_1",1.3,21.69,21.75
"Con_23_1",1.3,24.89,25.28
"Con_23_1",1.3,25.48,26
"Con_23_1",4,15.47,16.23
"Con_23_1",4,16.24,16.29
"Con_23_1",4,16.41,16.91
"Con_23_1",4,17.2,17.39
"Con_23_1",4,17.59,17.72
"Con_23_1",4,20.19,20.5
"Con_23_1",4,22.26,22.35
"Con_23_1",4,23.18,23.34
"Con_23_1",4,23.46,24.28
"Con_23_1",4,25.5,26
"Con_24_1",1.3,0.16,0.79
"Con_24_1",1.3,0.96,1.09
"Con_24_1",1.3,1.1,1.14
"Con_24_1",1.3,1.31,1.61
"Con_24_1",1.3,1.84,1.96
"Con_24_1",1.3,2,2.37
"Con_24_1",1.3,2.55,2.56
"Con_24_1",1.3,2.65,2.82
"Con_24_1",1.3,3.01,4.18
"Con_24_1",1.3,4.35,4.51
"Con_24_1",1.3,5.78,6.05
"Con_24_1",1.3,7.14,7.59
"Con_24_1",1.3,8.44,8.64
"Con_24_1",1.3,8.96,9.21
"Con_24_1",1.3,9.44,9.61
"Con_24_1",1.3,9.62,10.55
"Con_24_1",1.3,10.79,10.88
"Con_24_1",1.3,10.99,11.14
"Con_24_1",1.3,11.16,11.38
"Con_24_1",1.3,12.42,12.5
"Con_24_1",1.3,13.32,13.39
"Con_24_1",1.3,14.07,14.15
"Con_24_1",1.3,14.75,14.81
"Con_24_1",1.3,15.2,16.02
"Con_24_1",1.3,16.16,16.22
"Con_24_1",1.3,16.33,20.39
"Con_24_1",1.3,21.39,21.41
"Con_24_1",1.3,21.66,22.77
"Con_24_1",1.3,23.37,23.59
"Con_24_1",1.3,23.74,24.3
"Con_24_1",1.3,24.91,25.32
"Con_24_1",1.3,25.56,26
"Con_24_1",2,0,0.3
"Con_24_1",2,0.67,1.54
"Con_24_1",2,2.19,2.32
"Con_24_1",2,2.45,2.61
"Con_24_1",2,2.74,4.39
"Con_24_1",2,4.88,5.16
"Con_24_1",2,5.46,6.06
"Con_24_1",2,6.39,6.97
"Con_24_1",2,7.15,7.34
"Con_24_1",2,7.53,7.65
"Con_24_1",2,8.41,8.96
"Con_24_1",2,9.57,9.76
"Con_24_1",2,10.38,10.52
"Con_24_1",2,10.52,10.56
"Con_24_1",2,11.11,11.45
"Con_24_1",2,11.74,11.91
"Con_24_1",4,14.55,14.56
"Con_24_1",4,15.05,15.25
"Con_24_1",4,18.06,18.52
"Con_24_1",4,18.61,18.69
"Con_24_1",4,18.86,18.91
"Con_24_1",4,19.3,19.98
"Con_24_1",4,20.4,20.74
"Con_24_1",4,20.89,21.01
"Con_24_1",4,21.19,21.28
"Con_24_1",4,21.53,21.71
"Con_24_1",4,21.73,22.1
"Con_24_1",4,22.17,22.19
"Con_24_1",4,22.4,22.5
"Con_24_1",4,22.54,23.39
"Con_24_1",4,23.55,24.4
"Con_24_1",4,24.92,25.42
"Con_24_1",4,25.67,26
"Con_31_1",1.3,0.21,0.36
"Con_31_1",1.3,1.62,1.66
"Con_31_1",1.3,1.87,1.96
"Con_31_1",1.3,8.37,8.98
"Con_31_1",1.3,14.42,14.56
"Con_31_1",1.3,16.73,16.74
"Con_31_1",1.3,20.14,20.26
"Con_31_1",1.3,20.59,20.72
"Con_31_1",1.3,20.94,21.16
"Con_31_1",1.3,23.6,24.44
"Con_31_1",1.3,25.21,25.23
"Con_31_1",1.3,25.46,25.62
"Con_31_1",2,0,0.62
"Con_31_1",2,0.65,0.9
"Con_31_1",2,1.12,1.27
"Con_31_1",2,3.89,4.75
"Con_31_1",2,4.99,5.55
"Con_31_1",2,8.41,9.28
"Con_31_1",4,19.54,19.59
"Con_31_1",4,20.64,20.74
"Con_31_1",4,24.54,24.63
"Con_32_1",1.3,0.2,0.79
"Con_32_1",1.3,1.3,1.66
"Con_32_1",1.3,2.57,2.65
"Con_32_1",1.3,2.87,3.2
"Con_32_1",1.3,3.76,4.15
"Con_32_1",1.3,5.52,6.39
"Con_32_1",1.3,7.19,8.38
"Con_32_1",1.3,9.16,9.3
"Con_32_1",1.3,10.54,10.7
"Con_32_1",1.3,11.46,11.98
"Con_32_1",1.3,13.7,14.89
"Con_32_1",1.3,14.97,15.1
"Con_32_1",1.3,15.26,15.53
"Con_32_1",1.3,15.7,16.77
"Con_32_1",1.3,16.85,16.96
"Con_32_1",1.3,19.05,19.49
"Con_32_1",1.3,19.75,19.79
"Con_32_1",2,0.09,0.89
"Con_32_1",2,0.95,1.06
"Con_32_1",2,1.49,2.39
"Con_32_1",2,2.54,2.61
"Con_32_1",2,4.6,5.45
"Con_32_1",2,5.77,6.2
"Con_32_1",2,6.27,6.55
"Con_32_1",2,6.81,6.89
"Con_32_1",2,7.19,7.23
"Con_32_1",2,7.32,7.64
"Con_32_1",2,7.75,8.91
"Con_32_1",2,9.01,9.58
"Con_32_1",2,9.69,9.79
"Con_32_1",2,10.49,10.61
"Con_32_1",4,14.06,14.54
"Con_32_1",4,14.89,15.1
"Con_32_1",4,15.49,15.79
"Con_32_1",4,15.95,16.43
"Con_32_1",4,16.58,16.99
"Con_32_1",4,18.45,18.67
"Con_32_1",4,23.39,23.45
"Con_32_2",1.3,1.93,1.99
"Con_32_2",1.3,2.82,3.76
"Con_32_2",1.3,4.07,4.22
"Con_32_2",1.3,4.49,4.73
"Con_32_2",1.3,5.09,5.22
"Con_32_2",1.3,5.41,5.48
"Con_32_2",1.3,5.89,6.14
"Con_32_2",1.3,6.37,6.9
"Con_32_2",1.3,7.33,8.85
"Con_32_2",1.3,9.18,10.72
"Con_32_2",1.3,12.09,12.34
"Con_32_2",1.3,12.85,13.01
"Con_32_2",1.3,13.31,13.52
"Con_32_2",1.3,13.78,14.36
"Con_32_2",1.3,14.43,14.67
"Con_32_2",1.3,17.59,17.73
"Con_32_2",1.3,18.13,18.66
"Con_32_2",1.3,18.86,19.05
"Con_32_2",1.3,20.11,20.34
"Con_32_2",1.3,21.78,21.89
"Con_32_2",1.3,23.56,23.58
"Con_32_2",1.3,24.51,24.61
"Con_32_2",1.3,25.26,25.35
"Con_32_2",1.3,25.7,25.73
"Con_32_2",2,0,0.63
"Con_32_2",2,3.35,4.34
"Con_32_2",2,4.56,4.61
"Con_32_2",2,5.04,5.79
"Con_32_2",2,6.45,7.52
"Con_32_2",2,9.39,9.42
"Con_32_2",2,9.75,10.19
"Con_32_2",2,11.4,11.93
"Con_32_2",4,15.2,15.24
"Con_32_2",4,15.57,16.5
"Con_32_2",4,16.82,16.86
"Con_32_2",4,18.09,18.69
"Con_32_2",4,18.95,19.19
"Con_32_2",4,19.95,20.2
"Con_32_2",4,20.62,20.84
"Con_32_2",4,21.04,21.24
"Con_32_2",4,21.9,22.12
"Con_32_2",4,22.32,22.95
"Con_32_2",4,24.5,24.91
"Con_32_2",4,25.15,25.2
"Con_32_2",4,25.45,25.6
"Con_32_2",4,25.84,25.92
"Con_33_1",1.3,0.88,0.91
"Con_33_1",1.3,2.17,2.23
"Con_33_1",1.3,2.44,2.5
"Con_33_1",1.3,2.72,2.75
"Con_33_1",1.3,3.52,3.54
"Con_33_1",1.3,3.97,4.01
"Con_33_1",1.3,4.47,4.52
"Con_33_1",1.3,4.8,4.93
"Con_33_1",1.3,5.28,6.04
"Con_33_1",1.3,7.34,7.92
"Con_33_1",1.3,8.51,8.93
"Con_33_1",1.3,9.28,9.5
"Con_33_1",1.3,9.68,10.29
"Con_33_1",1.3,10.65,11.27
"Con_33_1",1.3,11.52,12.07
"Con_33_1",1.3,12.85,12.87
"Con_33_1",1.3,15.15,15.46
"Con_33_1",1.3,16.01,16.05
"Con_33_1",1.3,17.17,17.2
"Con_33_1",1.3,19.44,19.59
"Con_33_1",1.3,19.83,19.89
"Con_33_1",1.3,22.15,22.2
"Con_33_1",1.3,22.47,22.71
"Con_33_1",1.3,23.05,23.14
"Con_33_1",1.3,23.21,24.71
"Con_33_1",1.3,25.06,25.59
"Con_33_1",2,0,0.36
"Con_33_1",2,0.64,0.84
"Con_33_1",2,1.03,1.56
"Con_33_1",2,1.79,2.35
"Con_33_1",2,2.56,3.85
"Con_33_1",2,4.01,4.29
"Con_33_1",2,7.09,7.11
"Con_33_1",2,7.52,8.26
"Con_33_1",2,8.46,8.61
"Con_33_1",2,8.84,8.87
"Con_33_1",2,9.51,9.59
"Con_33_1",2,9.99,10.44
"Con_33_1",2,10.94,10.97
"Con_33_1",2,11.36,11.49
"Con_33_1",2,11.89,12
"Con_33_1",4,14.09,14.73
"Con_33_1",4,14.96,15.03
"Con_33_1",4,16.45,16.52
"Con_33_1",4,17.65,17.76
"Con_33_1",4,18.04,18.37
"Con_33_1",4,20.72,21.73
"Con_33_1",4,22.01,22.19
"Con_33_1",4,22.55,22.61
"Con_33_1",4,24.44,24.69
"Con_33_1",4,25.39,25.64
"Con_33_1",4,25.95,26
"Con_33_2",1.3,0,0.92
"Con_33_2",1.3,0.97,1.17
"Con_33_2",1.3,1.31,1.96
"Con_33_2",1.3,3.98,4.18
"Con_33_2",1.3,5.71,5.85
"Con_33_2",1.3,6.08,6.17
"Con_33_2",1.3,6.48,6.53
"Con_33_2",1.3,6.61,6.93
"Con_33_2",1.3,7.64,7.65
"Con_33_2",1.3,7.86,8.55
"Con_33_2",1.3,13.88,13.97
"Con_33_2",1.3,15.37,15.48
"Con_33_2",1.3,15.72,15.82
"Con_33_2",1.3,15.99,16.26
"Con_33_2",1.3,16.61,16.68
"Con_33_2",1.3,16.85,17.11
"Con_33_2",1.3,17.36,18.28
"Con_33_2",1.3,18.55,18.77
"Con_33_2",1.3,18.94,19.25
"Con_33_2",1.3,19.4,20.32
"Con_33_2",1.3,20.66,21.16
"Con_33_2",1.3,21.38,21.95
"Con_33_2",1.3,22.13,23.01
"Con_33_2",1.3,24.34,24.42
"Con_33_2",1.3,25.01,25.02
"Con_33_2",1.3,25.18,25.2
"Con_33_2",1.3,25.42,25.96
"Con_33_2",2,0,0.65
"Con_33_2",2,0.85,1.42
"Con_33_2",2,1.6,2.36
"Con_33_2",2,2.9,3.22
"Con_33_2",2,3.42,3.66
"Con_33_2",2,4.04,4.06
"Con_33_2",2,4.43,4.46
"Con_33_2",2,4.71,4.75
"Con_33_2",2,4.94,5.28
"Con_33_2",2,5.87,6.21
"Con_33_2",2,6.59,6.85
"Con_33_2",2,7.2,7.27
"Con_33_2",2,7.62,7.71
"Con_33_2",2,8.08,8.1
"Con_33_2",2,8.62,8.77
"Con_33_2",2,9.49,9.55
"Con_33_2",2,9.9,9.95
"Con_33_2",2,10.11,10.25
"Con_33_2",2,10.5,10.53
"Con_33_2",2,11.19,11.91
"Con_33_2",4,15.95,16
"Con_33_2",4,16.3,16.55
"Con_33_2",4,16.55,16.85
"Con_33_2",4,17.09,17.22
"Con_33_2",4,18.83,18.89
"Con_33_2",4,19.58,19.6
"Con_33_2",4,19.6,19.69
"Con_33_2",4,19.9,20.11
"Con_33_2",4,20.19,20.27
"Con_33_2",4,20.45,20.49
"Con_33_2",4,20.85,20.92
"Con_33_2",4,21.15,21.19
"Con_33_2",4,21.3,21.45
"Con_33_2",4,21.49,21.65
"Con_33_2",4,21.75,21.92
"Con_33_2",4,22,22.19
"Con_33_2",4,22.25,22.34
"Con_33_2",4,22.6,23.4
"Con_33_2",4,23.6,23.62
"Con_33_2",4,23.85,23.86
"Con_33_2",4,24.6,24.66
"Con_33_2",4,24.74,24.75
"Con_33_2",4,24.99,25.08
"Con_33_2",4,25.09,25.22
"Con_33_2",4,25.4,25.63
"Con_33_2",4,25.81,25.84
"Con_34_2",1.3,0.3,0.31
"Con_34_2",1.3,2.04,2.12
"Con_34_2",1.3,2.89,2.95
"Con_34_2",1.3,5.21,5.89
"Con_34_2",1.3,11.04,11.43
"Con_34_2",1.3,16.02,16.16
"Con_34_2",1.3,22.89,23.01
"Con_34_2",1.3,23.22,23.24
"Con_34_2",2,1.67,1.7
"Con_34_2",2,6.13,6.19
"Con_34_2",2,6.4,6.55
"Con_34_2",2,7.13,7.24
"Con_34_2",2,7.31,7.51
"Con_34_2",2,8.38,8.39
"Con_34_2",2,9.43,9.53
"Con_34_2",2,11.39,11.66
"Con_34_2",4,18.98,19.05
"Con_34_2",4,19.37,19.47
"Con_34_2",4,22.49,22.6
"Con_34_2",4,22.66,22.74
"Con_34_2",4,23.4,23.71
"Con_34_2",4,24.27,24.32
"Con_34_2",4,24.4,24.53
"Con_34_2",4,24.73,25.08
"Con_41_1",1.3,0.68,1.02
"Con_41_1",1.3,1.19,1.53
"Con_41_1",1.3,3.28,3.32
"Con_41_1",1.3,16.87,18.18
"Con_41_1",1.3,18.57,19.07
"Con_41_1",1.3,19.24,20.63
"Con_41_1",1.3,20.94,21.28
"Con_41_1",1.3,21.31,21.34
"Con_41_1",1.3,21.48,21.77
"Con_41_1",1.3,21.84,22.21
"Con_41_1",1.3,24.95,25
"Con_41_1",1.3,25.9,25.99
"Con_41_1",2,3.48,3.79
"Con_41_1",2,8.71,10.22
"Con_41_1",2,10.47,11.1
"Con_41_1",2,11.2,11.3
"Con_41_1",4,14.72,14.73
"Con_41_1",4,16.44,16.72
"Con_41_1",4,17.08,17.21
"Con_41_1",4,17.47,17.6
"Con_41_1",4,18.3,18.43
"Con_41_1",4,18.67,18.9
"Con_41_1",4,19.4,19.58
"Con_41_1",4,20.05,20.11
"Con_42_1",1.3,0.12,0.4
"Con_42_1",1.3,0.63,0.87
"Con_42_1",1.3,1.1,1.25
"Con_42_1",1.3,11.34,12.57
"Con_42_1",1.3,19.65,19.84
"Con_42_1",1.3,20.47,20.67
"Con_42_1",2,3.75,3.82
"Con_42_1",4,14,14.4
"Con_42_1",4,14.45,15.25
"Con_42_1",4,22.98,23
"Con_42_1",4,23.23,23.4
"Con_42_1",4,23.6,23.95
"Con_42_2",1.3,1.14,2.21
"Con_42_2",1.3,2.89,2.97
"Con_42_2",1.3,3.01,3.03
"Con_42_2",1.3,3.27,3.3
"Con_42_2",1.3,3.55,3.61
"Con_42_2",1.3,3.61,3.67
"Con_42_2",1.3,3.83,3.86
"Con_42_2",1.3,4.07,4.59
"Con_42_2",1.3,6.32,7.38
"Con_42_2",1.3,7.55,7.56
"Con_42_2",1.3,7.59,7.61
"Con_42_2",1.3,7.64,7.96
"Con_42_2",1.3,7.96,8
"Con_42_2",1.3,8.2,8.33
"Con_42_2",1.3,8.66,8.7
"Con_42_2",1.3,8.99,9.03
"Con_42_2",1.3,9.33,10.05
"Con_42_2",1.3,10.2,10.31
"Con_42_2",1.3,10.73,12.66
"Con_42_2",1.3,13.05,13.52
"Con_42_2",1.3,13.84,16.34
"Con_42_2",1.3,16.93,16.95
"Con_42_2",1.3,17.22,17.6
"Con_42_2",1.3,17.64,19.02
"Con_42_2",1.3,21.24,21.75
"Con_42_2",1.3,21.91,21.92
"Con_42_2",1.3,22.09,24.05
"Con_42_2",1.3,24.3,24.46
"Con_42_2",1.3,25.14,25.16
"Con_42_2",1.3,25.22,25.24
"Con_42_2",2,0.5,0.64
"Con_42_2",2,1.14,1.33
"Con_42_2",2,1.45,1.5
"Con_42_2",2,1.73,1.79
"Con_42_2",2,2.03,2.05
"Con_42_2",2,2.19,2.29
"Con_42_2",2,2.3,2.38
"Con_42_2",2,2.61,2.69
"Con_42_2",2,2.99,3.04
"Con_42_2",2,3.2,3.27
"Con_42_2",2,3.34,3.65
"Con_42_2",2,4.01,4.52
"Con_42_2",2,4.98,5.09
"Con_42_2",2,5.25,5.38
"Con_42_2",2,5.63,5.65
"Con_42_2",2,5.75,5.76
"Con_42_2",2,5.86,6
"Con_42_2",2,6.21,6.31
"Con_42_2",2,6.69,7
"Con_42_2",2,7.18,8.58
"Con_42_2",2,9.01,9.35
"Con_42_2",2,10.15,10.16
"Con_42_2",2,10.35,10.91
"Con_42_2",2,11.11,12
"Con_42_2",4,14,15.75
"Con_42_2",4,16.39,16.55
"Con_42_2",4,16.59,16.71
"Con_42_2",4,17.25,17.34
"Con_42_2",4,20.75,20.86
"Con_42_2",4,21.71,21.75
"Con_42_2",4,22.03,22.19
"Con_42_2",4,22.76,22.91
"Con_42_2",4,23.11,23.35
"Con_42_2",4,23.68,23.79
"Con_42_2",4,23.98,24.58
"Con_42_2",4,25.45,25.49
"Con_43_2",1.3,12.07,12.2
"Con_43_2",1.3,12.45,12.54
"Con_43_2",1.3,13.8,13.86
"Con_43_2",1.3,14.2,14.43
"Con_43_2",1.3,16.61,16.91
"Con_43_2",1.3,17.8,17.85
"Con_43_2",1.3,20.7,20.74
"Con_43_2",1.3,21.06,21.19
"Con_43_2",1.3,21.45,21.59
"Con_43_2",1.3,21.86,21.89
"Con_43_2",1.3,23.13,23.2
"Con_43_2",1.3,25.86,25.93
"Con_43_2",2,9.59,9.68
"Con_43_2",2,9.73,9.92
"Con_43_2",2,9.95,10.18
"Con_43_2",2,11.08,11.31
"Con_43_2",2,11.49,11.87
"Con_43_2",4,15.74,15.81
"Con_43_2",4,17.11,17.22
"Con_43_2",4,17.89,17.96
"Con_43_2",4,19.48,19.49
"Con_43_2",4,21.2,21.24
"Con_43_2",4,21.74,21.76
"Con_43_2",4,22.2,22.28
"Con_43_2",4,24.2,24.25
"Con_43_2",4,24.34,24.39
"Con_43_2",4,24.94,24.99
"Con_43_2",4,25.26,25.83
"Con_44_2",1.3,0.49,0.64
"Con_44_2",1.3,0.68,0.73
"Con_44_2",1.3,0.81,1.25
"Con_44_2",1.3,1.34,1.61
"Con_44_2",1.3,1.84,1.89
"Con_44_2",1.3,3.3,3.64
"Con_44_2",1.3,4.15,4.16
"Con_44_2",1.3,5.02,5.49
"Con_44_2",1.3,6.52,6.66
"Con_44_2",1.3,6.93,7.28
"Con_44_2",1.3,8.63,11.39
"Con_44_2",1.3,21.53,21.87
"Con_44_2",1.3,22.18,22.8
"Con_44_2",1.3,23.18,23.49
"Con_44_2",1.3,25.34,25.48
"Con_44_2",2,2.1,2.76
"Con_44_2",2,2.83,3.43
"Con_44_2",2,3.91,4.29
"Con_44_2",2,4.88,4.96
"Con_44_2",2,5.49,6.09
"Con_44_2",2,6.68,7.83
"Con_44_2",2,7.93,8
"Con_44_2",2,8.57,9.27
"Con_44_2",2,9.43,9.46
"Con_44_2",2,9.68,10.04
"Con_44_2",2,10.04,10.09
"Con_44_2",2,10.59,11.98
"Con_44_2",4,14,14.59
"Con_44_2",4,14.94,15.62
"Con_44_2",4,18.76,18.95
"Con_44_4",1.3,7.8,7.86
"Con_44_4",1.3,9.15,12.61
"Con_44_4",1.3,13.35,17.2
"Con_44_4",1.3,20.5,20.68
"Con_44_4",2,1.54,4.6
"Con_44_4",2,5.01,6.29
"Con_44_4",2,8.45,8.84
"Con_44_4",2,9.04,10.22
"Con_44_4",2,10.42,10.44
"Con_44_4",2,11.39,12
"Con_44_4",4,14.21,14.86
"Con_44_4",4,15.17,15.96
"Con_BerryGlade_Unburned3",1.3,0.51,1.1
"Con_BerryGlade_Unburned3",1.3,2.55,2.59
"Con_BerryGlade_Unburned3",1.3,3.19,3.22
"Con_BerryGlade_Unburned3",1.3,3.68,3.71
"Con_BerryGlade_Unburned3",1.3,6.88,7.31
"Con_BerryGlade_Unburned3",1.3,8.2,8.25
"Con_BerryGlade_Unburned3",1.3,8.84,8.99
"Con_BerryGlade_Unburned3",1.3,9.28,10.11
"Con_BerryGlade_Unburned3",1.3,10.99,11.55
"Con_BerryGlade_Unburned3",1.3,11.95,12.59
"Con_BerryGlade_Unburned3",1.3,13.43,13.79
"Con_BerryGlade_Unburned3",1.3,14.09,15.01
"Con_BerryGlade_Unburned3",1.3,15.38,15.45
"Con_BerryGlade_Unburned3",1.3,17.19,17.25
"Con_BerryGlade_Unburned3",1.3,17.55,18.32
"Con_BerryGlade_Unburned3",1.3,18.75,19.39
"Con_BerryGlade_Unburned3",1.3,19.62,19.92
"Con_BerryGlade_Unburned3",1.3,20.09,20.5
"Con_BerryGlade_Unburned3",1.3,20.82,20.85
"Con_BerryGlade_Unburned3",1.3,21.09,22.29
"Con_BerryGlade_Unburned3",1.3,22.65,24.2
"Con_BerryGlade_Unburned3",1.3,24.37,25.22
"Con_BerryGlade_Unburned3",1.3,25.71,25.91
"Con_BerryGlade_Unburned3",2,1.89,2.09
"Con_BerryGlade_Unburned3",2,2.89,3.1
"Con_BerryGlade_Unburned3",2,3.65,3.72
"Con_BerryGlade_Unburned3",2,4.85,4.89
"Con_BerryGlade_Unburned3",2,5.3,6.35
"Con_BerryGlade_Unburned3",2,6.37,6.5
"Con_BerryGlade_Unburned3",2,6.9,7
"Con_BerryGlade_Unburned3",2,7,7.11
"Con_BerryGlade_Unburned3",2,7.15,8.4
"Con_BerryGlade_Unburned3",2,8.76,8.99
"Con_BerryGlade_Unburned3",2,9.6,9.97
"Con_BerryGlade_Unburned3",2,10.45,12
"Con_BerryGlade_Unburned3",4,14.22,14.41
"Con_BerryGlade_Unburned3",4,14.99,15.35
"Con_BerryGlade_Unburned3",4,16.05,16.09
"Con_BerryGlade_Unburned3",4,16.41,16.51
"Con_BerryGlade_Unburned3",4,17,17.4
"Con_BerryGlade_Unburned3",4,18.45,18.49
"Con_BerryGlade_Unburned3",4,18.89,19.19
"Con_BerryGlade_Unburned3",4,19.6,19.79
"Con_BerryGlade_Unburned3",4,20.99,21.65
"Con_BerryGlade_Unburned3",4,22.39,22.54
"Con_BerryGlade_Unburned3",4,22.91,23.58
"Con_BerryGlade_Unburned3",4,23.8,24.69
"Con_BerryGlade_Unburned3",4,25.08,25.1
"Con_BerryGlade_Unburned3",4,25.65,25.8
"Dec_51_1",1.3,0,0.36
"Dec_51_1",1.3,0.56,0.79
"Dec_51_1",1.3,0.91,1.04
"Dec_51_1",1.3,3.62,3.76
"Dec_51_1",1.3,4.36,4.41
"Dec_51_1",1.3,5.4,5.98
"Dec_51_1",1.3,5.98,6
"Dec_51_1",1.3,6.2,6.22
"Dec_51_1",1.3,7.1,7.12
"Dec_51_1",1.3,7.59,7.61
"Dec_51_1",1.3,7.81,7.84
"Dec_51_1",1.3,8.36,8.49
"Dec_51_1",1.3,8.71,8.78
"Dec_51_1",1.3,9.19,9.61
"Dec_51_1",1.3,10.09,10.51
"Dec_51_1",1.3,10.51,10.61
"Dec_51_1",1.3,10.82,11.13
"Dec_51_1",1.3,11.42,11.67
"Dec_51_1",1.3,11.74,11.77
"Dec_51_1",1.3,11.84,12
"Dec_51_1",1.3,12.3,12.36
"Dec_51_1",1.3,13.32,13.58
"Dec_51_1",1.3,14.57,14.62
"Dec_51_1",1.3,15.81,15.88
"Dec_51_1",1.3,16.98,17.21
"Dec_51_1",1.3,17.28,17.33
"Dec_51_1",1.3,18.14,18.22
"Dec_51_1",1.3,18.64,19.15
"Dec_51_1",1.3,20.3,20.78
"Dec_51_1",1.3,21.73,21.91
"Dec_51_1",1.3,23.58,23.65
"Dec_51_1",1.3,25.43,25.54
"Dec_51_1",1.3,25.73,25.98
"Dec_51_1",2,0.29,0.36
"Dec_51_1",2,0.87,1.23
"Dec_51_1",2,1.68,2.39
"Dec_51_1",2,2.72,2.76
"Dec_51_1",2,3.07,3.59
"Dec_51_1",2,3.64,3.69
"Dec_51_1",2,4.03,4.28
"Dec_51_1",2,7.26,7.33
"Dec_51_1",2,7.69,7.71
"Dec_51_1",2,9.05,9.09
"Dec_51_1",2,10.21,10.22
"Dec_51_1",2,10.62,10.72
"Dec_51_1",2,10.89,10.92
"Dec_51_1",2,11.36,11.39
"Dec_51_1",4,14,14.58
"Dec_51_1",4,15.52,15.6
"Dec_51_1",4,16.85,16.97
"Dec_51_1",4,17.72,17.81
"Dec_51_1",4,17.89,17.94
"Dec_51_1",4,18.31,18.38
"Dec_51_1",4,18.71,20.14
"Dec_51_1",4,20.59,20.68
"Dec_51_1",4,21.41,21.81
"Dec_51_1",4,21.89,21.92
"Dec_51_1",4,22.09,22.18
"Dec_51_1",4,22.36,22.41
"Dec_51_1",4,22.62,22.7
"Dec_51_1",4,23.1,23.12
"Dec_51_3-Dense",1.3,2.55,3.02
"Dec_51_3-Dense",1.3,5.9,6.06
"Dec_51_3-Dense",1.3,6.44,6.57
"Dec_51_3-Dense",1.3,6.8,7.05
"Dec_51_3-Dense",1.3,7.3,7.46
"Dec_51_3-Dense",1.3,8.15,8.95
"Dec_51_3-Dense",1.3,9.18,9.41
"Dec_51_3-Dense",1.3,9.46,9.47
"Dec_51_3-Dense",1.3,9.62,10.07
"Dec_51_3-Dense",1.3,10.28,10.4
"Dec_51_3-Dense",1.3,10.5,11.03
"Dec_51_3-Dense",1.3,11.75,12.5
"Dec_51_3-Dense",1.3,13.46,13.7
"Dec_51_3-Dense",1.3,16.7,16.93
"Dec_51_3-Dense",1.3,17.93,18.74
"Dec_51_3-Dense",1.3,18.85,19.11
"Dec_51_3-Dense",1.3,19.45,19.74
"Dec_51_3-Dense",2,6.58,6.6
"Dec_51_3-Dense",2,7.46,7.72
"Dec_51_3-Dense",2,9.72,9.85
"Dec_51_3-Dense",4,15.05,15.68
"Dec_51_3-Dense",4,15.92,17.42
"Dec_51_3-Dense",4,17.72,19.02
"Dec_51_3-Dense",4,20.7,20.82
"Dec_51_3-Dense",4,21.54,21.69
"Dec_51_3-Dense",4,21.83,22.15
"Dec_51_3-Dense",4,23.18,23.38
"Dec_51_3-Dense",4,24.4,24.6
"Dec_51_3-Dense",4,24.88,25.1
"Dec_52_2",1.3,0.11,0.46
"Dec_52_2",1.3,1.14,1.19
"Dec_52_2",1.3,1.71,1.78
"Dec_52_2",1.3,1.82,2.79
"Dec_52_2",1.3,3.58,3.96
"Dec_52_2",1.3,4,4.01
"Dec_52_2",1.3,4.31,4.38
"Dec_52_2",1.3,4.49,4.71
"Dec_52_2",1.3,5.74,5.94
"Dec_52_2",1.3,6.01,6.1
"Dec_52_2",1.3,6.91,7.46
"Dec_52_2",1.3,7.83,8.15
"Dec_52_2",1.3,8.25,8.27
"Dec_52_2",1.3,8.95,9.42
"Dec_52_2",1.3,9.65,9.67
"Dec_52_2",1.3,10,10.8
"Dec_52_2",1.3,10.81,11.07
"Dec_52_2",1.3,11.34,11.43
"Dec_52_2",1.3,11.78,12.46
"Dec_52_2",1.3,12.55,12.75
"Dec_52_2",1.3,12.82,12.91
"Dec_52_2",1.3,13.31,13.38
"Dec_52_2",1.3,13.6,13.72
"Dec_52_2",1.3,14.73,14.9
"Dec_52_2",1.3,15.06,15.88
"Dec_52_2",1.3,15.91,16.02
"Dec_52_2",1.3,16.03,16.1
"Dec_52_2",1.3,16.18,16.42
"Dec_52_2",1.3,16.46,16.5
"Dec_52_2",1.3,16.53,17.18
"Dec_52_2",1.3,17.23,17.4
"Dec_52_2",1.3,17.41,17.59
"Dec_52_2",1.3,17.79,18.05
"Dec_52_2",1.3,18.07,18.23
"Dec_52_2",1.3,18.4,18.47
"Dec_52_2",1.3,18.66,18.74
"Dec_52_2",1.3,19.05,19.28
"Dec_52_2",1.3,19.35,19.48
"Dec_52_2",1.3,19.56,20.32
"Dec_52_2",1.3,20.39,20.76
"Dec_52_2",1.3,21.06,22.12
"Dec_52_2",1.3,22.15,22.19
"Dec_52_2",1.3,22.21,22.46
"Dec_52_2",1.3,22.48,22.8
"Dec_52_2",1.3,22.81,23.09
"Dec_52_2",1.3,23.2,23.22
"Dec_52_2",1.3,23.31,23.48
"Dec_52_2",1.3,23.77,24.21
"Dec_52_2",1.3,24.9,24.91
"Dec_52_2",1.3,25.1,25.19
"Dec_52_2",1.3,25.35,25.63
"Dec_52_2",2,0.31,0.55
"Dec_52_2",2,1.44,1.76
"Dec_52_2",2,3.76,4.19
"Dec_52_2",2,5.03,5.73
"Dec_52_2",2,6.19,6.31
"Dec_52_2",2,6.42,6.44
"Dec_52_2",2,6.44,6.49
"Dec_52_2",2,6.71,6.96
"Dec_52_2",2,7,7.2
"Dec_52_2",2,7.22,8.14
"Dec_52_2",2,8.29,8.31
"Dec_52_2",2,8.44,8.53
"Dec_52_2",2,8.63,8.99
"Dec_52_2",2,9.11,9.24
"Dec_52_2",2,9.43,9.47
"Dec_52_2",2,9.71,9.94
"Dec_52_2",2,10.28,10.45
"Dec_52_2",2,11.44,12
"Dec_52_2",4,14.59,14.61
"Dec_52_2",4,14.95,14.97
"Dec_52_2",4,17.84,17.89
"Dec_52_2",4,18.29,18.73
"Dec_52_2",4,18.75,18.87
"Dec_52_2",4,18.94,19.11
"Dec_52_2",4,19.26,19.59
"Dec_52_2",4,19.99,20
"Dec_52_2",4,20.11,20.96
"Dec_52_2",4,21.08,21.12
"Dec_52_2",4,21.15,21.21
"Dec_52_2",4,21.24,22.19
"Dec_52_2",4,22.26,22.39
"Dec_52_2",4,22.4,22.46
"Dec_52_2",4,22.7,22.72
"Dec_52_2",4,24.41,25.15
"Dec_52_2",4,25.19,25.28
"Dec_52_2",4,25.39,26
"Dec_61_2",1.3,0.4,0.43
"Dec_61_2",1.3,6.03,6.38
"Dec_61_2",1.3,7.41,7.48
"Dec_61_2",1.3,7.72,7.76
"Dec_61_2",1.3,8.1,8.42
"Dec_61_2",1.3,11.3,11.41
"Dec_61_2",1.3,14.76,15.19
"Dec_61_2",1.3,15.69,15.81
"Dec_61_2",1.3,16.31,16.75
"Dec_61_2",1.3,18.71,18.97
"Dec_61_2",1.3,19.92,20.12
"Dec_61_2",1.3,20.93,21.13
"Dec_61_2",1.3,21.78,21.93
"Dec_61_2",1.3,22.55,22.76
"Dec_61_2",1.3,23.2,23.25
"Dec_61_2",1.3,24.6,24.69
"Dec_61_2",1.3,25,25.08
"Dec_61_2",1.3,25.25,25.75
"Dec_61_2",2,0.75,1.11
"Dec_61_2",2,1.59,1.68
"Dec_61_2",2,2.54,2.93
"Dec_61_2",2,3.67,3.95
"Dec_61_2",2,4.11,4.45
"Dec_61_2",2,4.7,5.21
"Dec_61_2",2,5.61,7.62
"Dec_61_2",2,7.85,7.87
"Dec_61_2",2,8.35,8.62
"Dec_61_2",2,11.15,11.19
"Dec_61_2",2,11.45,11.5
"Dec_61_2",4,16.6,16.66
"Dec_61_2",4,17.4,17.73
"Dec_61_2",4,18.79,20.08
"Dec_61_2",4,20.35,20.61
"Dec_61_2",4,21.39,22.76
"Dec_61_2",4,23.12,23.28
"Dec_61_2",4,23.69,24.52
"Dec_61_2",4,24.91,25.62
"Dec_61_2",4,25.63,26
"Dec_62_5",1.3,16.87,17.11
"Dec_62_5",1.3,17.31,17.39
"Dec_62_5",1.3,17.74,17.91
"Dec_62_5",1.3,22.12,22.18
"Dec_62_5",1.3,24.96,25.1
"Dec_62_5",2,3.51,3.59
"Dec_62_5",2,5.35,5.41
"Dec_62_5",4,14.01,14.1
"Dec_62_5",4,17.76,18.14
"Dec_62_5",4,19.91,20.09
"Shr_71_1",1.3,0.86,0.95
"Shr_71_1",1.3,1.67,1.96
"Shr_71_1",1.3,4.12,4.21
"Shr_71_1",1.3,5.23,5.53
"Shr_71_1",1.3,5.99,6.86
"Shr_71_1",1.3,7.56,7.96
"Shr_71_1",1.3,8.93,9.65
"Shr_71_1",1.3,10.3,10.7
"Shr_71_1",1.3,11.09,11.88
"Shr_71_1",1.3,13.13,13.18
"Shr_71_1",1.3,14.3,14.39
"Shr_71_1",1.3,14.65,15.05
"Shr_71_1",1.3,15.48,15.53
"Shr_71_1",1.3,15.89,16.76
"Shr_71_1",1.3,17.52,18.18
"Shr_71_1",1.3,19.92,19.97
"Shr_71_1",1.3,20.54,20.74
"Shr_71_1",1.3,21.42,21.45
"Shr_71_1",1.3,21.65,22.04
"Shr_71_1",1.3,22.34,22.37
"Shr_71_1",1.3,23.1,23.72
"Shr_71_1",1.3,24.85,25.02
"Shr_71_1",2,1.96,2.05
"Shr_71_1",2,2.31,2.48
"Shr_71_1",2,6.74,6.92
"Shr_71_1",2,9.15,9.19
"Shr_71_1",2,11.01,11.17
"Shr_71_1",2,11.62,12
"Shr_71_1",4,14.14,15.05
"Shr_71_1",4,15.24,16.68
"Shr_71_1",4,16.85,17.19
"Shr_71_1",4,17.41,17.65
"Shr_71_1",4,17.85,17.91
"Shr_71_1",4,18.21,18.29
"Shr_71_1",4,18.69,18.78
"Shr_71_1",4,18.87,19.89
"Shr_71_1",4,22.31,22.51
"Shr_71_1",4,23.58,23.75
"Shr_71_1",4,25.19,25.55
"Shr_71_2",1.3,0.46,0.59
"Shr_71_2",1.3,0.66,1.02
"Shr_71_2",1.3,1.24,1.44
"Shr_71_2",1.3,1.66,1.72
"Shr_71_2",1.3,2.04,2.11
"Shr_71_2",1.3,2.28,2.48
"Shr_71_2",1.3,2.51,2.85
"Shr_71_2",1.3,3.03,3.15
"Shr_71_2",1.3,3.26,3.61
"Shr_71_2",1.3,4.73,5
"Shr_71_2",1.3,9.42,9.93
"Shr_71_2",1.3,10.22,10.25
"Shr_71_2",1.3,11.59,12.11
"Shr_71_2",1.3,13.54,13.82
"Shr_71_2",1.3,14.33,15.27
"Shr_71_2",1.3,15.53,15.96
"Shr_71_2",1.3,17.18,17.33
"Shr_71_2",1.3,17.78,18.36
"Shr_71_2",1.3,19.37,19.39
"Shr_71_2",1.3,19.58,20.3
"Shr_71_2",1.3,20.61,20.9
"Shr_71_2",1.3,23.76,24.11
"Shr_71_2",1.3,24.83,25.78
"Shr_71_2",2,0.35,0.41
"Shr_71_2",2,0.75,0.84
"Shr_71_2",2,1.45,1.5
"Shr_71_2",2,2.73,3.01
"Shr_71_2",2,3.46,3.9
"Shr_71_2",2,4.31,4.35
"Shr_71_2",2,5.05,5.93
"Shr_71_2",2,6.29,6.3
"Shr_71_2",2,7.06,7.72
"Shr_71_2",2,7.79,7.82
"Shr_71_2",2,8.12,8.14
"Shr_71_2",2,8.71,9.32
"Shr_71_2",2,9.84,9.86
"Shr_71_2",2,9.95,9.96
"Shr_71_2",2,10.55,10.59
"Shr_71_2",2,10.9,11.08
"Shr_71_2",2,11.31,11.35
"Shr_71_2",2,11.45,11.55
"Shr_71_2",2,11.81,12
"Shr_71_2",4,14,14.35
"Shr_71_2",4,16.29,16.32
"Shr_71_2",4,17.01,17.04
"Shr_71_2",4,17.79,17.95
"Shr_71_2",4,18.1,18.12
"Shr_71_2",4,18.94,19.18
"Shr_71_2",4,19.44,19.77
"Shr_71_2",4,20.76,20.94
"Shr_71_2",4,21.74,21.83
"Shr_71_2",4,22.76,24.1
"Shr_71_2",4,24.31,24.7
"Shr_71_2",4,25.55,26
"Shr_72_1",1.3,0.45,2.13
"Shr_72_1",1.3,2.28,3.89
"Shr_72_1",1.3,5.64,6.45
"Shr_72_1",1.3,6.45,6.91
"Shr_72_1",1.3,7.15,7.57
"Shr_72_1",1.3,8.4,8.95
"Shr_72_1",1.3,11.71,12.13
"Shr_72_1",1.3,12.53,12.7
"Shr_72_1",1.3,14.81,15.21
"Shr_72_1",1.3,15.41,16.71
"Shr_72_1",1.3,17.11,17.4
"Shr_72_1",1.3,18.71,20.65
"Shr_72_1",1.3,21.22,21.89
"Shr_72_1",1.3,22.3,22.59
"Shr_72_1",2,0,1.07
"Shr_72_1",2,1.24,1.69
"Shr_72_1",2,6.59,7
"Shr_72_1",2,8.43,8.49
"Shr_72_1",2,9.28,9.35
"Shr_72_1",2,9.52,11.15
"Shr_72_1",2,11.39,11.55
"Shr_72_1",2,11.66,11.79
"Shr_72_1",4,15.29,15.3
"Shr_72_1",4,16.55,17.99
"Shr_72_1",4,20.96,21.17
"Shr_72_1",4,22.64,23.3
"Shr_72_1",4,24.49,24.69
"Shr_73_1",1.3,0.58,0.87
"Shr_73_1",1.3,1.39,1.9
"Shr_73_1",1.3,2.6,3.11
"Shr_73_1",1.3,3.66,3.68
"Shr_73_1",1.3,4.45,4.46
"Shr_73_1",1.3,4.71,5.08
"Shr_73_1",1.3,5.23,5.79
"Shr_73_1",1.3,6.02,6.42
"Shr_73_1",1.3,6.64,6.88
"Shr_73_1",1.3,7.12,7.61
"Shr_73_1",1.3,9.24,10.03
"Shr_73_1",1.3,10.81,11.76
"Shr_73_1",1.3,11.93,12.03
"Shr_73_1",1.3,12.42,12.56
"Shr_73_1",1.3,13.31,13.93
"Shr_73_1",1.3,14.48,15
"Shr_73_1",1.3,15.49,15.74
"Shr_73_1",1.3,16.36,16.81
"Shr_73_1",1.3,17.8,18.89
"Shr_73_1",1.3,19.21,20.55
"Shr_73_1",1.3,20.86,21.7
"Shr_73_1",1.3,22.12,22.24
"Shr_73_1",1.3,22.47,22.82
"Shr_73_1",1.3,24.27,24.9
"Shr_73_1",1.3,25.24,25.39
"Shr_73_1",1.3,25.83,26
"Shr_73_1",2,0,1.5
"Shr_73_1",2,1.89,2.09
"Shr_73_1",2,2.64,2.91
"Shr_73_1",2,3.13,3.15
"Shr_73_1",2,3.89,4.39
"Shr_73_1",2,4.74,5
"Shr_73_1",2,5.38,6.25
"Shr_73_1",2,6.45,6.99
"Shr_73_1",2,7.3,8.55
"Shr_73_1",2,8.81,9.18
"Shr_73_1",2,9.34,9.95
"Shr_73_1",2,10.79,10.94
"Shr_73_1",2,11.24,11.35
"Shr_73_1",2,11.6,11.91
"Shr_73_1",4,14.26,14.51
"Shr_73_1",4,14.8,15.1
"Shr_73_1",4,15.47,15.53
"Shr_73_1",4,15.76,16.09
"Shr_73_1",4,17.71,18.2
"Shr_73_1",4,18.43,18.74
"Shr_73_1",4,18.95,19.05
"Shr_73_1",4,20,20.43
"Shr_73_1",4,20.7,21.44
"Shr_73_1",4,21.96,21.99
"Shr_73_1",4,22.62,23.69
"Shr_73_1",4,23.9,24.55
"Shr_73_1",4,25.23,25.92
"Shr_73_2",1.3,1.15,1.66
"Shr_73_2",1.3,1.89,2.63
"Shr_73_2",1.3,3.03,4.45
"Shr_73_2",1.3,5.4,5.89
"Shr_73_2",1.3,6.7,7.38
"Shr_73_2",1.3,7.4,7.46
"Shr_73_2",1.3,8.78,8.79
"Shr_73_2",1.3,9.01,11.6
"Shr_73_2",1.3,14.8,15.02
"Shr_73_2",1.3,17.56,17.92
"Shr_73_2",1.3,23.86,24.82
"Shr_73_2",1.3,25.26,25.63
"Shr_73_2",1.3,25.84,25.91
"Shr_73_2",2,2.05,3.55
"Shr_73_2",2,8.73,8.8
"Shr_73_2",2,9.48,9.5
"Shr_73_2",4,14.61,14.7
"Shr_73_2",4,15.05,15.1
"Shr_73_2",4,15.32,15.52
"Shr_73_2",4,16.03,16.95
"Shr_73_2",4,17.64,18.05
"Shr_73_2",4,20.2,20.48
"Shr_73_2",4,21.2,21.61
"Shr_73_2",4,21.79,22.85
"Shr_81_1",1.3,0.2,0.69
"Shr_81_1",1.3,0.73,1.29
"Shr_81_1",1.3,1.94,2.34
"Shr_81_1",1.3,3.54,5.54
"Shr_81_1",1.3,5.81,6.84
"Shr_81_1",1.3,7.17,7.23
"Shr_81_1",1.3,7.41,8.07
"Shr_81_1",1.3,8.18,8.19
"Shr_81_1",1.3,8.46,8.5
"Shr_81_1",1.3,8.53,8.94
"Shr_81_1",1.3,9.11,9.2
"Shr_81_1",1.3,9.35,9.83
"Shr_81_1",1.3,10.52,11.41
"Shr_81_1",1.3,11.59,12.67
"Shr_81_1",1.3,13.17,13.95
"Shr_81_1",1.3,13.96,15.93
"Shr_81_1",1.3,16.04,16.72
"Shr_81_1",1.3,17.23,17.77
"Shr_81_1",1.3,18.36,18.37
"Shr_81_1",1.3,18.8,18.88
"Shr_81_1",1.3,20.98,24.13
"Shr_81_1",1.3,24.65,25.71
"Shr_81_1",2,0.21,0.68
"Shr_81_1",2,0.93,2.96
"Shr_81_1",2,4.02,4.42
"Shr_81_1",2,7.33,9.31
"Shr_81_1",2,10.01,12
"Shr_81_1",4,14.13,16.39
"Shr_81_1",4,17.84,20.39
"Shr_81_1",4,20.77,23.1
"Shr_81_1",4,23.81,24.46
"Shr_81_1",4,24.78,26
"Shr_81_2",1.3,0.29,0.57
"Shr_81_2",1.3,1.88,1.91
"Shr_81_2",1.3,3.49,3.71
"Shr_81_2",1.3,3.82,4.37
"Shr_81_2",1.3,5.49,5.96
"Shr_81_2",1.3,6.71,6.89
"Shr_81_2",1.3,7.09,7.24
"Shr_81_2",1.3,8.73,8.8
"Shr_81_2",1.3,9.04,9.24
"Shr_81_2",1.3,10.83,11.03
"Shr_81_2",1.3,11.77,12.33
"Shr_81_2",1.3,12.44,12.91
"Shr_81_2",1.3,12.92,13.36
"Shr_81_2",1.3,14.18,14.4
"Shr_81_2",1.3,14.78,14.88
"Shr_81_2",1.3,15.05,15.07
"Shr_81_2",1.3,15.35,15.43
"Shr_81_2",1.3,15.57,16.43
"Shr_81_2",1.3,18.69,20.12
"Shr_81_2",1.3,21.15,21.47
"Shr_81_2",1.3,25.08,25.34
"Shr_81_2",1.3,25.52,25.65
"Shr_81_2",2,1.91,2.04
"Shr_81_2",2,2.29,3.42
"Shr_81_2",2,4.99,5.48
"Shr_81_2",2,6.44,6.46
"Shr_81_2",2,6.89,7.13
"Shr_81_2",2,8.25,8.89
"Shr_81_2",2,10.34,10.36
"Shr_81_2",2,11.3,12
"Shr_81_2",4,14,14.05
"Shr_81_2",4,14.21,14.34
"Shr_81_2",4,14.39,14.72
"Shr_81_2",4,15.03,15.24
"Shr_81_2",4,15.52,15.61
"Shr_81_2",4,16.46,17.03
"Shr_81_2",4,19.1,20.23
"Shr_81_2",4,21.4,21.43
"Shr_81_2",4,21.66,21.69
"Shr_81_2",4,22.08,22.15
"Shr_81_2",4,23.85,23.86
"Shr_81_2",4,24.88,25.2
"Shr_82_2",1.3,0,0.8
"Shr_82_2",1.3,1.62,2.74
"Shr_82_2",1.3,3.35,3.37
"Shr_82_2",1.3,3.68,3.74
"Shr_82_2",1.3,4.02,5.61
"Shr_82_2",1.3,9.47,10.34
"Shr_82_2",1.3,11.43,11.6
"Shr_82_2",1.3,13.24,13.27
"Shr_82_2",1.3,13.46,15.33
"Shr_82_2",1.3,15.42,15.44
"Shr_82_2",1.3,15.78,15.85
"Shr_82_2",1.3,16.45,16.48
"Shr_82_2",1.3,17.26,17.3
"Shr_82_2",1.3,17.85,17.87
"Shr_82_2",1.3,19.05,19.94
"Shr_82_2",1.3,20.47,21.35
"Shr_82_2",1.3,21.71,22.34
"Shr_82_2",1.3,23.29,23.34
"Shr_82_2",1.3,25.48,26
"Shr_82_2",2,0.1,0.22
"Shr_82_2",2,0.45,1.41
"Shr_82_2",2,2.59,3.4
"Shr_82_2",2,5.14,5.39
"Shr_82_2",2,5.78,5.98
"Shr_82_2",2,9.38,9.69
"Shr_82_2",2,9.84,9.96
"Shr_82_2",2,9.98,10.39
"Shr_82_2",4,14.35,15.26
"Shr_82_2",4,15.34,15.87
"Shr_82_2",4,15.91,16.61
"Shr_82_2",4,16.91,16.94
"Shr_82_2",4,17.09,17.66
"Shr_82_2",4,17.91,18.08
"Shr_82_2",4,18.12,18.28
"Shr_82_2",4,21.72,21.79
"Shr_82_2",4,22.71,23.07
"Shr_82_3",1.3,2.57,3.28
"Shr_82_3",1.3,3.95,4.72
"Shr_82_3",1.3,5.12,5.39
"Shr_82_3",1.3,6.47,6.9
"Shr_82_3",1.3,7.4,8.45
"Shr_82_3",1.3,9.22,9.28
"Shr_82_3",1.3,10.12,10.31
"Shr_82_3",1.3,10.85,11.55
"Shr_82_3",1.3,11.7,11.77
"Shr_82_3",1.3,12.11,12.42
"Shr_82_3",1.3,12.63,12.73
"Shr_82_3",1.3,12.97,13.92
"Shr_82_3",1.3,14.73,16.42
"Shr_82_3",1.3,17.92,18.24
"Shr_82_3",1.3,18.48,18.91
"Shr_82_3",1.3,19.11,19.46
"Shr_82_3",1.3,19.85,20.64
"Shr_82_3",1.3,20.79,21.3
"Shr_82_3",1.3,21.49,21.55
"Shr_82_3",1.3,22.06,22.08
"Shr_82_3",1.3,22.78,23.58
"Shr_82_3",1.3,24.39,24.55
"Shr_82_3",2,0,0.52
"Shr_82_3",2,2.49,2.6
"Shr_82_3",2,3.01,3.21
"Shr_82_3",2,4.54,4.55
"Shr_82_3",2,5.03,5.05
"Shr_82_3",2,5.78,5.85
"Shr_82_3",2,7.01,7.77
"Shr_82_3",2,8.31,9.5
"Shr_82_3",2,9.78,10.73
"Shr_82_3",2,11.04,11.48
"Shr_82_3",2,11.65,11.95
"Shr_82_3",4,14.45,14.6
"Shr_82_3",4,14.89,15.34
"Shr_82_3",4,15.61,15.83
"Shr_82_3",4,16.58,17.53
"Shr_82_3",4,19.66,19.69
"Shr_82_3",4,24.52,24.68
"Shr_83_1",1.3,0,0.52
"Shr_83_1",1.3,0.68,1.18
"Shr_83_1",1.3,2.52,2.55
"Shr_83_1",1.3,3.03,3.64
"Shr_83_1",1.3,3.8,4.15
"Shr_83_1",1.3,4.16,4.17
"Shr_83_1",1.3,4.65,4.94
"Shr_83_1",1.3,5.03,6.02
"Shr_83_1",1.3,6.08,6.47
"Shr_83_1",1.3,6.62,7.21
"Shr_83_1",1.3,7.32,7.37
"Shr_83_1",1.3,7.44,8.26
"Shr_83_1",1.3,8.84,9.7
"Shr_83_1",1.3,12.71,12.72
"Shr_83_1",1.3,13.15,13.16
"Shr_83_1",1.3,13.53,14.04
"Shr_83_1",1.3,14.22,15.16
"Shr_83_1",1.3,15.17,15.35
"Shr_83_1",1.3,15.35,15.39
"Shr_83_1",1.3,16.14,16.25
"Shr_83_1",1.3,16.26,16.29
"Shr_83_1",1.3,16.41,16.47
"Shr_83_1",1.3,16.64,16.73
"Shr_83_1",1.3,17.27,17.49
"Shr_83_1",1.3,18.02,18.32
"Shr_83_1",1.3,18.51,18.58
"Shr_83_1",1.3,21.03,23.14
"Shr_83_1",1.3,23.38,24.07
"Shr_83_1",1.3,25.53,25.6
"Shr_83_1",1.3,25.8,26
"Shr_83_1",2,0,0.19
"Shr_83_1",2,0.65,1.44
"Shr_83_1",2,1.91,4.14
"Shr_83_1",2,4.2,4.33
"Shr_83_1",2,4.38,5.98
"Shr_83_1",2,6.19,6.27
"Shr_83_1",2,6.31,9.19
"Shr_83_1",2,9.65,9.9
"Shr_83_1",2,9.97,10.11
"Shr_83_1",2,10.29,12
"Shr_83_1",4,14,14.15
"Shr_83_1",4,14.36,14.39
"Shr_83_1",4,14.45,16.22
"Shr_83_1",4,17.39,17.54
"Shr_83_1",4,18.77,19.39
"Shr_83_1",4,19.69,20.18
"Shr_83_1",4,20.49,20.7
"Shr_83_1",4,20.91,25.39
"Shr_83_1",4,25.69,26
"Shr_91_2",1.3,0.59,0.7
"Shr_91_2",1.3,1.41,1.46
"Shr_91_2",1.3,2.05,2.35
"Shr_91_2",1.3,3.29,3.59
"Shr_91_2",1.3,3.82,3.86
"Shr_91_2",1.3,4.5,4.91
"Shr_91_2",1.3,5.41,5.5
"Shr_91_2",1.3,5.92,7.15
"Shr_91_2",1.3,9.69,9.85
"Shr_91_2",1.3,11.43,11.68
"Shr_91_2",1.3,12.35,12.66
"Shr_91_2",1.3,12.84,13.82
"Shr_91_2",1.3,14.31,14.8
"Shr_91_2",1.3,15.26,15.35
"Shr_91_2",1.3,15.73,17.19
"Shr_91_2",1.3,18.29,22.45
"Shr_91_2",1.3,23.05,23.64
"Shr_91_2",1.3,23.92,24.8
"Shr_91_2",1.3,24.99,25.21
"Shr_91_2",2,0.59,0.94
"Shr_91_2",2,1.31,2.07
"Shr_91_2",2,2.54,2.67
"Shr_91_2",2,2.92,3.56
"Shr_91_2",2,3.79,4.5
"Shr_91_2",2,4.93,5.2
"Shr_91_2",2,5.48,6.67
"Shr_91_2",2,7.32,8
"Shr_91_2",2,8.3,9.49
"Shr_91_2",2,9.75,10.78
"Shr_91_2",2,11.07,11.29
"Shr_91_2",2,11.44,11.97
"Shr_91_2",4,14,15.31
"Shr_91_2",4,16.06,16.97
"Shr_91_2",4,17.49,17.79
"Shr_91_2",4,18.52,18.64
"Shr_91_2",4,19.68,19.94
"Shr_91_2",4,20.41,22.16
"Shr_91_2",4,22.69,22.74
"Shr_91_2",4,23.06,24.03
"Shr_91_2",4,24.67,26
"Shr_91_4",1.3,0.08,0.3
"Shr_91_4",1.3,0.61,0.8
"Shr_91_4",1.3,0.95,2.11
"Shr_91_4",1.3,2.32,2.63
"Shr_91_4",1.3,2.8,3.02
"Shr_91_4",1.3,3.18,3.69
"Shr_91_4",1.3,4.45,4.7
"Shr_91_4",1.3,5.64,6.86
"Shr_91_4",1.3,7.37,7.86
"Shr_91_4",1.3,8.3,8.7
"Shr_91_4",1.3,9.34,9.68
"Shr_91_4",1.3,10.08,10.1
"Shr_91_4",1.3,10.46,11.09
"Shr_91_4",1.3,11.26,11.88
"Shr_91_4",1.3,12.2,12.25
"Shr_91_4",1.3,12.53,12.63
"Shr_91_4",1.3,12.91,13.02
"Shr_91_4",1.3,13.39,14.14
"Shr_91_4",1.3,14.9,15.2
"Shr_91_4",1.3,15.6,16.09
"Shr_91_4",1.3,16.59,16.85
"Shr_91_4",1.3,17.12,17.6
"Shr_91_4",1.3,18.58,18.78
"Shr_91_4",1.3,19.27,19.29
"Shr_91_4",1.3,19.68,20.85
"Shr_91_4",1.3,21.1,21.25
"Shr_91_4",1.3,21.45,21.55
"Shr_91_4",1.3,21.88,23.12
"Shr_91_4",1.3,23.32,24.48
"Shr_91_4",1.3,24.72,25.03
"Shr_91_4",1.3,25.18,25.2
"Shr_91_4",1.3,25.74,25.95
"Shr_91_4",2,0.18,1.8
"Shr_91_4",2,1.98,2.3
"Shr_91_4",2,2.46,2.58
"Shr_91_4",2,2.74,3.11
"Shr_91_4",2,3.37,3.4
"Shr_91_4",2,3.55,3.89
"Shr_91_4",2,4.18,4.76
"Shr_91_4",2,5.17,5.54
"Shr_91_4",2,5.89,6.68
"Shr_91_4",2,7.1,7.15
"Shr_91_4",2,7.38,7.56
"Shr_91_4",2,8.29,8.33
"Shr_91_4",2,8.64,8.82
"Shr_91_4",2,9,9.39
"Shr_91_4",2,9.68,10.55
"Shr_91_4",2,10.79,11.15
"Shr_91_4",2,11.47,12
"Shr_91_4",4,14.31,14.52
"Shr_91_4",4,14.83,15.16
"Shr_91_4",4,15.9,16.1
"Shr_91_4",4,16.59,16.7
"Shr_91_4",4,16.89,17.13
"Shr_91_4",4,17.69,17.88
"Shr_91_4",4,18.07,18.21
"Shr_91_4",4,18.69,18.81
"Shr_91_4",4,18.98,19.02
"Shr_91_4",4,19.26,20.04
"Shr_91_4",4,20.25,20.7
"Shr_91_4",4,20.88,22.04
"Shr_91_4",4,23.2,23.39
"Shr_91_4",4,24.09,25.97
"Shr_92_1",1.3,3,3.77
"Shr_92_1",1.3,4.58,4.72
"Shr_92_1",1.3,6.16,6.59
"Shr_92_1",1.3,8.11,8.16
"Shr_92_1",1.3,8.26,8.31
"Shr_92_1",1.3,10.32,10.49
"Shr_92_1",1.3,13.3,13.35
"Shr_92_1",1.3,13.89,14.1
"Shr_92_1",1.3,14.56,15.19
"Shr_92_1",1.3,15.54,15.56
"Shr_92_1",1.3,17.44,17.72
"Shr_92_1",1.3,18.2,18.23
"Shr_92_1",1.3,19.41,19.89
"Shr_92_1",1.3,22.06,22.83
"Shr_92_1",2,0.69,0.72
"Shr_92_1",2,7.8,7.88
"Shr_92_1",2,8.09,8.15
"Shr_92_1",2,9.98,10
"Shr_92_1",4,15.39,16.18
"Shr_92_1",4,17.39,17.57
"Shr_92_1",4,17.87,18.24
"Shr_92_1",4,18.67,18.85
"Shr_92_1",4,19.21,19.66
"Shr_92_1",4,21.04,21.89
"Shr_92_1",4,25.19,26
"Shr_92_2",1.3,0,0.58
"Shr_92_2",1.3,1.15,1.28
"Shr_92_2",1.3,2.14,3.11
"Shr_92_2",1.3,5.38,6.53
"Shr_92_2",1.3,6.78,10.13
"Shr_92_2",1.3,10.21,11.84
"Shr_92_2",1.3,12.31,12.71
"Shr_92_2",1.3,13.78,14.12
"Shr_92_2",1.3,14.29,14.46
"Shr_92_2",1.3,14.59,15.29
"Shr_92_2",1.3,15.47,16.51
"Shr_92_2",1.3,16.71,17.35
"Shr_92_2",1.3,17.72,18.06
"Shr_92_2",1.3,18.24,18.62
"Shr_92_2",1.3,18.67,19.66
"Shr_92_2",1.3,19.84,20.02
"Shr_92_2",1.3,20.52,20.54
"Shr_92_2",1.3,21.45,21.49
"Shr_92_2",1.3,21.85,21.89
"Shr_92_2",1.3,22.14,22.16
"Shr_92_2",1.3,22.29,22.34
"Shr_92_2",1.3,22.35,22.41
"Shr_92_2",1.3,22.56,22.58
"Shr_92_2",1.3,22.94,23.45
"Shr_92_2",1.3,23.66,23.88
"Shr_92_2",1.3,24.49,25.42
"Shr_92_2",1.3,25.6,26
"Shr_92_2",2,0.1,1
"Shr_92_2",2,2.25,2.68
"Shr_92_2",2,2.95,2.98
"Shr_92_2",2,3.34,3.82
"Shr_92_2",2,4.04,4.1
"Shr_92_2",2,4.4,4.45
"Shr_92_2",2,5.65,6.07
"Shr_92_2",2,6.48,6.52
"Shr_92_2",2,9.28,10.23
"Shr_92_2",2,10.58,10.67
"Shr_92_2",2,11.04,11.06
"Shr_92_2",2,11.94,12
"Shr_92_2",4,14.7,16.11
"Shr_92_2",4,16.34,16.96
"Shr_92_2",4,17.16,17.76
"Shr_92_2",4,18.15,18.32
"Shr_92_2",4,18.51,18.52
"Shr_92_2",4,19.14,19.23
"Shr_92_2",4,20.14,21.01
"Shr_92_2",4,21.56,22.21
"Shr_92_2",4,22.37,22.4
"Shr_92_2",4,22.7,22.78
"Shr_92_2",4,24.55,25.23
"Shr_92_2",4,25.83,26
"Shr_93_1",1.3,0.12,1.96
"Shr_93_1",1.3,1.96,2.1
"Shr_93_1",1.3,2.1,3.13
"Shr_93_1",1.3,3.42,3.75
"Shr_93_1",1.3,3.77,5.11
"Shr_93_1",1.3,5.16,5.17
"Shr_93_1",1.3,5.2,5.75
"Shr_93_1",1.3,5.82,5.84
"Shr_93_1",1.3,5.91,6
"Shr_93_1",1.3,6.05,6.4
"Shr_93_1",1.3,6.73,7.2
"Shr_93_1",1.3,7.42,7.57
"Shr_93_1",1.3,7.62,7.78
"Shr_93_1",1.3,7.99,8.2
"Shr_93_1",1.3,8.6,9.03
"Shr_93_1",1.3,9.05,9.88
"Shr_93_1",1.3,10.06,10.35
"Shr_93_1",1.3,10.41,10.95
"Shr_93_1",1.3,11.16,12.21
"Shr_93_1",1.3,12.28,12.7
"Shr_93_1",1.3,12.79,12.9
"Shr_93_1",1.3,12.93,13.05
"Shr_93_1",1.3,13.19,13.31
"Shr_93_1",1.3,13.46,15.99
"Shr_93_1",1.3,16.04,16.2
"Shr_93_1",1.3,16.21,17.75
"Shr_93_1",1.3,17.79,18.15
"Shr_93_1",1.3,18.2,18.41
"Shr_93_1",1.3,18.51,19.12
"Shr_93_1",1.3,19.35,19.83
"Shr_93_1",1.3,19.84,19.93
"Shr_93_1",1.3,19.95,20.32
"Shr_93_1",1.3,20.41,20.43
"Shr_93_1",1.3,20.43,20.56
"Shr_93_1",1.3,20.75,20.9
"Shr_93_1",1.3,20.92,20.99
"Shr_93_1",1.3,21.09,21.62
"Shr_93_1",1.3,21.64,22.12
"Shr_93_1",1.3,22.36,22.51
"Shr_93_1",1.3,22.71,23.49
"Shr_93_1",1.3,23.51,23.97
"Shr_93_1",1.3,24.24,25.34
"Shr_93_1",1.3,25.61,25.64
"Shr_93_1",1.3,25.94,26
"Shr_93_1",2,0,1.82
"Shr_93_1",2,2.29,4.72
"Shr_93_1",2,5.04,5.28
"Shr_93_1",2,5.83,6.65
"Shr_93_1",2,6.8,6.85
"Shr_93_1",2,7.51,7.55
"Shr_93_1",2,7.61,7.7
"Shr_93_1",2,7.78,8.06
"Shr_93_1",2,8.75,8.92
"Shr_93_1",2,9.1,10.73
"Shr_93_1",2,11.01,11.08
"Shr_93_1",2,11.12,11.33
"Shr_93_1",2,11.54,12
"Shr_93_1",4,14,14.28
"Shr_93_1",4,14.33,14.51
"Shr_93_1",4,14.51,14.97
"Shr_93_1",4,15.12,15.2
"Shr_93_1",4,15.39,15.94
"Shr_93_1",4,15.98,16.19
"Shr_93_1",4,16.52,16.6
"Shr_93_1",4,16.68,16.73
"Shr_93_1",4,16.81,17.82
"Shr_93_1",4,17.96,18.16
"Shr_93_1",4,18.33,18.66
"Shr_93_1",4,18.88,19.58
"Shr_93_1",4,19.88,20.02
"Shr_93_1",4,20.24,20.71
"Shr_93_1",4,21.21,21.49
"Shr_93_1",4,21.5,21.6
"Shr_93_1",4,21.64,21.68
"Shr_93_1",4,21.81,22.45
"Shr_93_1",4,22.62,22.7
"Shr_93_1",4,22.83,26
